Teams,Winrate,Years Participated,Blue Banners
1,0.5238,26,0
4,0.4074,17,0
8,0.5625,27,0
11,0.5517,26,0
16,0.7619,26,1
20,0.7333,26,0
21,0.3077,25,0
25,0.6136,26,0
27,0.8587,26,5
28,0.5208,27,0
31,0.375,26,0
33,0.8056,27,4
34,0.3182,26,0
41,0.6385,26,0
45,0.3864,31,0
48,0.4737,25,0
51,0.4417,13,0
56,0.5349,26,0
58,0.5532,27,0
59,0.6132,24,2
60,0.55,26,0
61,0.3421,26,1
63,0.4,26,0
66,0.3333,25,0
67,0.7388,26,1
68,0.3966,25,0
69,0.5806,27,0
70,0.6719,25,0
71,0.375,27,0
74,0.5778,28,0
75,0.5745,26,1
78,0.6136,13,0
79,0.2143,25,0
85,0.65,27,0
86,0.641,25,1
88,0.6582,27,1
93,0.5,26,0
94,0.375,25,0
95,0.7818,26,0
97,0.375,26,0
100,0.4375,26,0
101,0.15,26,0
102,0.4651,25,1
103,0.5612,26,0
107,0.6349,26,1
108,0.4615,28,0
111,0.8936,28,2
112,0.625,6,0
114,0.7015,26,1
115,0.439,25,0
116,0.4524,27,1
117,0.5,25,0
118,0.8125,26,2
120,0.4062,27,0
121,0.5769,27,0
122,0.5109,26,0
123,0.4423,26,0
125,0.7786,25,2
126,0.6064,31,0
128,0.6,25,0
131,0.6538,29,0
133,0.7909,26,1
135,0.425,25,1
138,0.5469,26,0
141,0.4405,28,0
144,0.5769,22,0
145,0.3,25,0
148,0.8067,30,4
151,0.5667,29,0
155,0.587,29,0
156,0.4545,12,0
157,0.4286,29,0
159,0.4,24,0
166,0.4643,28,1
167,0.6071,24,0
171,0.2727,27,0
172,0.5476,25,0
173,0.5417,28,0
175,0.4889,27,0
176,0.9155,27,4
177,0.7687,28,3
178,0.3125,26,0
179,0.8889,25,3
180,0.814,25,1
181,0.4231,25,0
190,0.4,29,0
191,0.5417,31,0
192,0.375,26,0
193,0.5172,10,0
195,0.6769,25,1
199,0.5,8,0
201,0.6311,24,2
203,0.4625,25,0
204,0.3125,24,0
216,0.4455,14,0
217,0.3571,24,0
219,0.4767,24,0
222,0.5778,24,1
223,0.4634,24,0
226,0.4405,24,2
228,0.63,24,0
229,0.35,24,0
230,0.85,24,2
231,0.6304,24,1
233,0.4231,24,0
234,0.5612,24,0
236,0.5625,24,0
237,0.5319,24,0
238,0.8364,23,3
240,0.4314,24,1
244,0.459,12,0
245,0.5645,24,1
246,0.4583,24,0
247,0.4643,24,0
250,0.2,24,0
253,0.4286,24,0
254,0.9018,24,4
263,0.4359,23,0
271,0.5,24,0
272,0.4831,24,0
280,0.3077,24,0
281,0.4231,24,0
287,0.5909,21,0
288,0.6,24,0
291,0.2727,24,0
292,0.6087,24,0
293,0.3256,24,0
294,0.4815,24,0
296,0.4762,24,0
299,0.35,7,0
302,0.5658,24,2
303,0.4118,24,0
308,0.5938,24,0
313,0.4615,24,0
314,0.4828,24,0
316,0.5635,24,1
319,0.6,24,0
321,0.4286,23,0
322,0.4412,24,0
324,0.6667,4,0
325,0.7419,3,0
329,0.8529,24,0
333,0.5595,24,0
334,0.3333,24,0
335,0.15,20,0
340,0.7717,23,2
341,0.6905,23,1
342,0.2727,23,0
343,0.5517,23,0
346,0.34,23,0
348,0.4868,22,0
353,0.3,23,0
354,0.5,23,0
358,0.4167,23,0
359,0.7622,22,3
360,0.6383,23,1
364,0.7846,23,1
365,0.5185,23,0
368,0.6471,21,0
369,0.3077,21,0
378,0.35,23,0
379,0.5185,23,0
384,0.6395,23,2
386,0.725,23,1
395,0.4615,23,0
399,0.4143,23,1
401,0.6455,23,2
418,0.5,23,0
422,0.5244,23,0
423,0.3793,17,0
426,0.5,2,0
433,0.4651,23,1
435,0.4231,23,0
447,0.52,23,0
449,0.6786,22,2
453,0.375,21,0
456,0.3704,23,0
457,0.3875,21,0
461,0.5938,23,1
467,0.4405,23,1
469,0.6552,23,0
484,0.5366,22,0
486,0.425,23,0
488,0.5547,22,0
492,0.6383,22,0
494,0.7721,22,1
496,0.3333,21,0
498,0.5357,22,1
501,0.3077,22,0
503,0.6629,22,1
509,0.3929,15,0
514,0.5192,21,0
525,0.6053,22,1
527,0.5517,21,0
533,0.3846,22,0
537,0.3043,21,0
539,0.3478,22,0
540,0.4,22,0
545,0.3333,23,0
547,0.6,22,0
548,0.3214,22,0
554,0.6429,20,0
555,0.4231,22,0
558,0.4419,22,0
564,0.5,22,0
568,0.5306,22,2
569,0.4167,21,0
571,0.4531,22,0
573,0.5357,21,0
578,0.4643,22,1
581,0.4444,22,0
587,0.5932,22,1
589,0.4138,22,1
597,0.3889,22,0
599,0.5,22,1
601,0.5,11,0
604,0.7946,21,2
606,0.3636,22,0
610,0.6053,21,1
611,0.381,21,0
612,0.4079,22,0
614,0.5854,22,1
617,0.3,21,0
619,0.3958,22,0
620,0.5982,22,1
623,0.6604,22,1
624,0.7985,22,2
639,0.8125,22,0
648,0.2609,22,0
649,0.6222,22,1
662,0.4615,21,0
663,0.5,22,0
668,0.4762,22,0
670,0.5167,20,0
677,0.4737,21,0
686,0.5366,22,0
687,0.3947,22,0
691,0.4423,22,0
694,0.8548,22,2
695,0.5556,22,1
696,0.7326,22,1
698,0.5714,22,0
701,0.5,22,0
702,0.5455,22,0
706,0.5312,22,0
708,0.4318,22,1
709,0.3974,22,0
714,0.4167,22,1
716,0.4375,22,0
743,0.6,21,0
744,0.54,17,0
751,0.5,19,0
753,0.4286,20,1
766,0.4815,21,0
771,0.4667,21,0
772,0.3333,21,1
781,0.4722,21,0
801,0.4762,21,0
806,0.3636,21,0
810,0.4231,21,0
811,0.3462,21,0
812,0.4286,21,0
815,0.4286,21,1
816,0.4,21,0
818,0.5403,21,0
829,0.6855,21,1
830,0.5968,21,0
832,0.5521,21,0
834,0.4896,21,0
836,0.7833,21,3
839,0.3654,21,0
840,0.3958,17,0
841,0.4355,21,0
846,0.6471,21,1
852,0.4259,21,0
857,0.4769,21,1
858,0.5114,21,0
862,0.5303,21,1
865,0.4286,20,0
867,0.3182,20,0
868,0.381,21,0
870,0.871,21,2
871,0.3333,21,0
876,0.6915,21,1
877,0.1,21,0
884,0.3,20,0
888,0.5128,21,1
894,0.6383,21,0
900,0.5882,21,0
904,0.3452,21,0
910,0.5238,21,1
914,0.44,5,0
930,0.6778,21,0
931,0.375,21,0
935,0.4194,21,0
937,0.25,21,0
948,0.3939,21,0
949,0.3889,21,0
955,0.6923,21,0
957,0.5581,20,0
967,0.4091,21,0
968,0.3125,21,0
971,0.7788,21,0
972,0.5238,13,0
973,0.7922,21,2
977,0.3125,14,0
980,0.4318,21,0
981,0.0833,18,0
987,0.7604,21,1
988,0.3,19,0
991,0.5185,21,0
996,0.1818,20,0
997,0.4886,21,0
999,0.3929,21,0
1002,0.3793,20,0
1011,0.4615,20,0
1014,0.3333,20,0
1018,0.4149,20,0
1023,0.6838,20,2
1024,0.6875,20,0
1025,0.5,15,1
1027,0.4556,19,0
1038,0.2143,20,0
1051,0.6333,20,0
1056,0.5926,10,0
1058,0.3448,20,0
1071,0.4576,19,1
1072,0.6154,20,0
1073,0.6186,20,1
1076,0.3182,11,0
1086,0.6071,20,1
1089,0.4912,20,0
1091,0.5217,20,0
1099,0.475,20,0
1100,0.4625,20,0
1102,0.4815,20,0
1108,0.5667,20,0
1111,0.75,20,3
1114,0.7213,20,2
1123,0.4643,20,0
1124,0.4583,19,0
1126,0.3333,20,0
1138,0.4667,20,1
1143,0.4615,19,0
1153,0.6484,20,0
1155,0.4,20,0
1156,0.3333,20,1
1159,0.6364,20,0
1160,0.5769,20,0
1164,0.2857,19,0
1165,0.3478,18,0
1168,0.5,20,0
1178,0.3571,20,0
1188,0.73,19,1
1189,0.6522,20,1
1197,0.5556,20,0
1209,0.3182,20,0
1212,0.2143,20,0
1218,0.661,20,0
1225,0.3824,19,0
1241,0.5846,19,1
1245,0.3077,19,0
1246,0.2778,17,0
1247,0.3846,19,0
1250,0.3846,19,0
1254,0.3333,19,0
1255,0.5488,19,0
1257,0.5233,17,0
1258,0.5,19,1
1259,0.5536,19,0
1261,0.7132,19,1
1262,0.5244,19,0
1266,0.5333,19,0
1277,0.4231,19,0
1279,0.3871,19,0
1280,0.5152,19,1
1287,0.4615,18,0
1288,0.375,19,0
1293,0.5357,19,1
1294,0.5208,19,1
1296,0.4727,19,2
1303,0.4286,19,0
1305,0.5395,19,2
1306,0.5152,19,0
1307,0.3333,19,0
1308,0.4444,19,0
1311,0.5,19,0
1317,0.5455,19,0
1318,0.5,19,0
1322,0.3594,19,0
1323,0.8833,19,3
1325,0.5645,18,0
1329,0.4583,19,0
1332,0.5741,19,0
1334,0.3548,19,0
1339,0.7157,17,1
1350,0.2917,19,0
1351,0.5769,19,0
1359,0.3889,19,1
1360,0.4429,7,0
1374,0.4028,6,1
1388,0.4516,19,0
1389,0.3864,18,0
1391,0.569,19,0
1403,0.6429,19,3
1405,0.6296,19,0
1410,0.5469,19,0
1414,0.6964,19,0
1418,0.5385,19,0
1421,0.7273,19,0
1422,0.1429,12,0
1425,0.5581,19,0
1432,0.5429,19,0
1444,0.5714,19,0
1452,0.4167,15,0
1458,0.5455,19,0
1466,0.2917,19,0
1468,0.6064,19,1
1474,0.4222,19,0
1477,0.7,19,1
1481,0.4464,11,0
1492,0.4643,19,0
1493,0.7679,18,0
1501,0.6731,18,1
1502,0.5317,18,1
1504,0.5192,18,0
1506,0.6825,18,1
1507,0.5,18,0
1511,0.5405,18,1
1512,0.4615,18,0
1515,0.6111,18,0
1518,0.5714,18,0
1522,0.45,17,0
1523,0.5,18,0
1528,0.4583,18,0
1529,0.2963,18,0
1533,0.7302,18,2
1538,0.6744,18,0
1539,0.3636,18,0
1540,0.6735,18,0
1546,0.4286,17,0
1551,0.5714,18,0
1554,0.4,18,0
1555,0.3235,12,0
1557,0.3889,18,0
1559,0.4,18,0
1561,0.5833,18,0
1566,0.3333,18,0
1569,0.5625,18,0
1572,0.5714,18,0
1574,0.5672,18,0
1576,0.3667,18,1
1577,0.8462,18,4
1580,0.4667,16,1
1585,0.1667,16,0
1591,0.5,18,0
1592,0.4286,18,0
1595,0.587,18,0
1596,0.5484,18,0
1599,0.5658,18,0
1601,0.2,17,0
1610,0.5208,17,0
1619,0.9407,18,4
1622,0.3443,18,1
1625,0.4571,18,0
1626,0.6304,18,0
1629,0.7018,18,5
1640,0.7083,18,1
1646,0.4231,18,0
1647,0.2639,18,1
1648,0.4694,18,1
1649,0.1111,17,0
1657,0.5426,18,0
1661,0.4872,17,0
1662,0.3846,18,0
1671,0.4762,18,1
1672,0.4348,18,0
1675,0.56,18,0
1676,0.5878,18,0
1678,0.9014,18,5
1683,0.5698,18,1
1684,0.5859,18,1
1690,0.9,18,3
1699,0.4881,17,0
1700,0.4474,18,0
1701,0.6835,18,1
1706,0.8879,18,3
1708,0.5294,18,0
1710,0.566,17,1
1711,0.5982,16,2
1712,0.3594,17,0
1714,0.3462,17,0
1716,0.2727,16,0
1718,0.6569,17,2
1719,0.4487,17,0
1720,0.4667,17,0
1721,0.4286,17,0
1723,0.3333,17,0
1726,0.5833,17,1
1727,0.4211,12,0
1729,0.375,13,1
1730,0.7358,17,2
1731,0.5849,17,1
1732,0.7969,17,1
1735,0.5,17,0
1736,0.5517,17,0
1739,0.1739,17,0
1740,0.593,17,0
1741,0.5,17,3
1744,0.25,10,0
1745,0.5,17,2
1746,0.5,17,0
1747,0.4872,17,0
1750,0.2143,17,0
1751,0.25,16,0
1756,0.7941,17,2
1757,0.5116,17,0
1758,0.3636,17,0
1759,0.0,17,0
1761,0.3958,17,0
1763,0.4,17,0
1764,0.5714,17,0
1768,0.5306,17,0
1769,0.4722,17,0
1771,0.8841,16,3
1772,0.8462,17,0
1775,0.1429,17,0
1778,0.5,16,0
1781,0.5375,17,0
1785,0.5,17,0
1787,0.75,17,1
1792,0.4839,7,1
1793,0.3462,16,0
1795,0.4231,16,0
1796,0.7174,17,1
1797,0.2222,7,0
1799,0.4615,17,0
1802,0.3571,17,0
1803,0.2917,16,0
1806,0.4615,17,0
1807,0.6813,17,0
1810,0.4375,17,0
1811,0.4667,17,1
1816,0.6579,17,0
1818,0.2727,17,0
1825,0.7586,17,1
1827,0.5714,17,0
1828,0.3235,17,0
1831,0.4231,19,0
1836,0.3333,17,0
1847,0.4,17,0
1860,0.25,17,0
1868,0.4865,17,0
1884,0.4286,17,0
1885,0.6759,17,0
1891,0.5758,17,0
1895,0.4615,16,1
1899,0.5213,17,0
1902,0.3939,17,0
1908,0.5417,17,0
1912,0.3846,17,0
1914,0.619,1,1
1915,0.5,17,0
1918,0.6493,17,1
1922,0.35,17,0
1923,0.619,17,4
1937,0.4242,17,0
1939,0.6064,17,0
1940,0.4286,16,1
1942,0.3704,16,0
1943,0.383,17,1
1954,0.3103,14,0
1965,0.4167,17,0
1967,0.463,17,0
1972,0.5556,16,0
1977,0.6429,16,0
1982,0.5,16,0
1983,0.5645,16,0
1984,0.6316,15,1
1986,0.77,16,2
1987,0.7143,16,2
1989,0.4375,16,0
1991,0.4298,16,0
1994,0.4167,16,0
1997,0.4833,16,0
2001,0.4167,16,0
2010,0.6316,16,0
2013,0.4595,16,0
2016,0.5439,16,1
2022,0.4583,16,0
2027,0.1667,16,0
2028,0.2759,16,0
2035,0.3333,15,0
2036,0.4375,16,0
2039,0.5192,16,0
2040,0.4423,16,0
2046,0.8,16,4
2048,0.5517,14,0
2051,0.3636,16,0
2052,0.7174,16,1
2053,0.2727,16,0
2054,0.6369,16,0
2056,0.8051,16,2
2059,0.4694,12,0
2062,0.537,16,0
2064,0.4615,16,0
2067,0.5161,16,0
2068,0.5278,16,0
2070,0.2708,13,0
2073,0.5111,16,0
2075,0.7687,16,2
2077,0.4167,16,0
2078,0.3636,15,0
2079,0.4038,16,0
2080,0.3382,16,1
2083,0.2083,16,0
2084,0.3793,16,0
2090,0.4706,15,0
2095,0.4778,7,1
2096,0.5172,7,1
2097,0.3,4,0
2102,0.6585,16,0
2106,0.375,16,0
2122,0.8841,16,3
2129,0.3953,16,0
2130,0.3214,16,0
2135,0.6667,16,0
2137,0.4464,16,0
2141,0.3889,15,0
2143,0.4615,16,0
2144,0.3333,14,0
2145,0.4615,16,0
2147,0.6641,16,0
2151,0.4,16,0
2158,0.617,16,0
2161,0.4118,16,0
2165,0.6,16,0
2168,0.7609,16,2
2169,0.48,16,0
2170,0.1667,16,0
2171,0.3542,16,0
2172,0.4231,15,0
2175,0.3158,16,0
2177,0.5789,16,0
2180,0.4773,16,0
2181,0.3,16,0
2183,0.4286,16,0
2186,0.3684,16,1
2190,0.4667,16,0
2191,0.4043,16,0
2194,0.44,16,0
2197,0.375,16,0
2198,0.4531,13,0
2199,0.6176,16,1
2200,0.7589,15,2
2202,0.7556,16,2
2204,0.2727,16,0
2207,0.5455,16,0
2212,0.3922,16,2
2220,0.4306,16,1
2221,0.3636,15,0
2224,0.3929,16,0
2225,0.3,16,0
2227,0.5789,16,0
2228,0.5833,16,1
2230,0.4792,16,0
2231,0.4286,16,0
2234,0.5952,16,0
2239,0.5333,16,0
2240,0.4714,16,0
2246,0.3462,16,0
2252,0.6304,16,0
2262,0.4545,16,0
2264,0.5217,16,0
2265,0.5625,16,0
2283,0.375,16,0
2288,0.3947,1,0
2337,0.7192,15,3
2338,0.7558,15,2
2340,0.25,15,0
2341,0.4741,15,1
2342,0.4043,15,0
2344,0.375,14,0
2345,0.2857,14,0
2347,0.3571,14,0
2357,0.5455,15,0
2358,0.46,15,0
2359,0.3182,15,0
2363,0.9113,15,4
2367,0.35,14,0
2370,0.6304,15,1
2373,0.5333,15,0
2374,0.2679,15,0
2375,0.3333,15,0
2377,0.4583,15,0
2383,0.6417,15,1
2386,0.5714,15,1
2393,0.6774,15,0
2395,0.3636,15,0
2398,0.4167,15,0
2399,0.5556,15,0
2403,0.5556,15,0
2404,0.1667,15,0
2405,0.3913,15,0
2408,0.3333,15,0
2410,0.4,15,0
2412,0.3981,15,2
2415,0.3871,16,0
2421,0.4211,15,0
2423,0.4032,15,0
2425,0.2222,14,0
2429,0.463,15,0
2438,0.4808,15,1
2441,0.4286,14,0
2443,0.7,14,1
2449,0.4615,15,0
2450,0.3409,15,0
2451,0.746,10,0
2457,0.4,15,0
2458,0.5345,15,0
2461,0.3,15,0
2465,0.4286,15,0
2468,0.7071,15,3
2470,0.537,14,0
2471,0.5846,15,2
2472,0.3,15,0
2473,0.4167,15,0
2478,0.622,11,1
2481,0.7424,15,1
2485,0.4074,15,0
2486,0.6613,15,1
2487,0.25,15,0
2489,0.3889,15,0
2491,0.5455,15,0
2495,0.55,15,0
2498,0.3,15,0
2499,0.4444,15,0
2500,0.35,15,0
2501,0.4444,15,0
2502,0.5897,15,1
2503,0.5455,15,0
2506,0.5,15,1
2508,0.4783,15,0
2509,0.6154,15,0
2511,0.3333,14,0
2512,0.4737,15,0
2513,0.25,14,0
2515,0.3,14,0
2518,0.2,14,0
2521,0.5119,14,0
2522,0.5957,15,0
2526,0.5862,15,0
2530,0.6,15,0
2531,0.5811,15,1
2534,0.45,15,0
2537,0.4872,14,0
2538,0.4,14,0
2539,0.7465,15,2
2543,0.5,15,0
2549,0.4615,15,0
2551,0.6364,15,0
2554,0.375,15,0
2556,0.425,15,1
2557,0.5538,15,0
2559,0.4286,15,0
2560,0.5263,15,0
2574,0.5893,15,0
2577,0.5114,15,1
2582,0.6129,15,0
2583,0.4419,15,1
2584,0.5484,10,0
2586,0.5797,15,0
2587,0.3696,15,0
2590,0.7643,15,2
2591,0.4167,15,0
2594,0.4483,15,0
2600,0.44,14,0
2601,0.6579,15,1
2603,0.5,15,0
2604,0.4242,15,0
2606,0.3,14,0
2607,0.5431,15,0
2609,0.6279,13,1
2611,0.627,15,0
2613,0.3571,15,0
2614,0.7941,15,1
2619,0.4333,15,0
2620,0.58,15,0
2626,0.381,14,1
2630,0.549,15,0
2632,0.2222,14,0
2635,0.3,15,1
2637,0.5698,15,0
2638,0.5652,15,1
2640,0.5714,15,0
2641,0.2931,15,0
2642,0.6905,15,2
2643,0.4444,15,0
2648,0.6196,15,1
2654,0.5926,14,0
2655,0.5116,15,0
2656,0.5455,15,0
2658,0.52,15,0
2659,0.5161,14,0
2662,0.3333,15,0
2667,0.381,15,0
2673,0.4821,15,0
2687,0.6385,4,0
2689,0.4884,1,0
2704,0.5,13,0
2706,0.5,7,0
2707,0.2917,6,0
2710,0.475,5,0
2712,0.3269,4,0
2713,0.425,14,0
2714,0.4048,4,0
2718,0.3958,1,0
2720,0.3036,1,0
2722,0.1667,1,0
2723,0.3182,14,0
2733,0.3966,14,0
2767,0.8378,14,3
2771,0.5804,14,1
2773,0.5714,13,0
2783,0.4808,14,0
2785,0.25,13,0
2789,0.3077,14,0
2791,0.6429,14,0
2797,0.2222,14,0
2811,0.5089,14,0
2813,0.5156,15,0
2815,0.6429,14,0
2823,0.5926,14,0
2826,0.3636,14,0
2827,0.1111,14,0
2830,0.5667,14,0
2832,0.5965,14,3
2834,0.5985,14,0
2839,0.4762,14,1
2840,0.375,14,0
2846,0.4762,14,0
2847,0.8,14,0
2848,0.4565,14,0
2849,0.52,14,1
2851,0.5,14,0
2853,0.2857,14,0
2854,0.2955,14,0
2856,0.2727,14,0
2861,0.4167,14,0
2867,0.3654,14,0
2869,0.4625,14,1
2872,0.5,14,1
2875,0.4444,14,0
2876,0.3542,14,0
2877,0.617,14,0
2879,0.6364,14,0
2881,0.6226,14,1
2882,0.35,14,0
2883,0.5227,14,1
2890,0.275,14,0
2895,0.1,14,0
2896,0.2857,13,0
2898,0.4667,10,0
2900,0.3333,14,0
2903,0.4,14,0
2905,0.4118,14,0
2906,0.375,14,0
2907,0.4038,14,0
2910,0.913,14,5
2912,0.5217,14,0
2914,0.4615,14,0
2915,0.45,13,0
2926,0.3929,13,0
2927,0.2917,13,0
2928,0.3864,14,0
2929,0.4,14,0
2930,0.629,14,1
2945,0.5,14,0
2950,0.52,14,0
2957,0.4615,14,0
2959,0.4857,14,1
2960,0.5714,14,0
2961,0.4,14,0
2966,0.5,12,0
2969,0.2692,14,0
2972,0.1667,14,0
2973,0.3571,14,0
2974,0.7615,15,2
2976,0.6818,14,0
2977,0.5,14,0
2978,0.5714,14,0
2980,0.375,14,0
2984,0.4545,14,0
2987,0.5946,14,1
2988,0.48,13,0
2990,0.6452,14,1
2992,0.7083,14,1
2993,0.5714,14,0
2994,0.2727,14,0
2996,0.5185,14,0
2998,0.35,13,0
3003,0.52,14,0
3004,0.3,11,0
3005,0.697,14,1
3006,0.52,14,0
3007,0.45,13,0
3008,0.3939,14,0
3009,0.4423,13,0
3015,0.7258,14,2
3017,0.35,12,0
3018,0.5833,14,0
3019,0.28,14,0
3020,0.6,3,0
3023,0.5385,14,0
3024,0.25,14,0
3026,0.537,14,0
3029,0.4,14,0
3035,0.549,14,0
3037,0.3333,14,0
3038,0.5,14,0
3039,0.5625,14,0
3042,0.4524,14,0
3044,0.4583,14,0
3045,0.2609,14,0
3049,0.3654,13,0
3054,0.4444,14,0
3058,0.44,14,0
3061,0.5833,14,1
3065,0.4018,14,1
3067,0.2857,14,0
3070,0.5323,14,0
3075,0.5952,14,0
3082,0.5294,14,0
3083,0.3837,14,0
3090,0.3636,13,0
3091,0.3667,14,0
3096,0.4107,14,0
3098,0.3846,14,0
3100,0.4318,14,0
3102,0.4583,14,0
3103,0.42,14,0
3110,0.15,13,0
3117,0.3636,14,0
3122,0.5556,14,0
3128,0.6154,13,1
3130,0.5938,13,0
3131,0.3333,12,0
3132,0.7222,13,0
3134,0.5,9,0
3136,0.5,13,1
3137,0.6562,12,0
3140,0.3478,13,0
3142,0.7377,13,1
3146,0.4184,13,0
3147,0.5312,13,0
3152,0.4,13,0
3158,0.4667,13,0
3160,0.5833,13,1
3161,0.3721,13,0
3163,0.3333,13,0
3164,0.4333,13,0
3166,0.5192,5,0
3171,0.725,13,1
3172,0.4286,13,0
3173,0.4688,13,0
3175,0.6102,13,3
3176,0.5638,13,0
3179,0.5,13,0
3181,0.5,13,0
3182,0.5091,13,1
3184,0.6,13,0
3187,0.44,13,0
3189,0.4138,13,0
3193,0.4286,13,0
3196,0.4615,13,0
3197,0.5778,13,1
3200,0.5303,13,0
3201,0.413,13,0
3202,0.4,12,0
3204,0.4,13,0
3205,0.5,13,1
3206,0.5172,13,0
3211,0.4767,13,0
3212,0.3333,13,0
3216,0.6875,13,0
3218,0.6148,13,1
3219,0.4038,13,0
3225,0.4545,13,0
3229,0.53,13,1
3234,0.3462,13,0
3242,0.4444,13,0
3243,0.3846,13,0
3245,0.5,13,0
3247,0.5714,13,0
3255,0.5882,13,0
3256,0.5,13,0
3257,0.5556,13,0
3260,0.2917,13,0
3268,0.3704,13,0
3274,0.4605,12,0
3275,0.5714,13,0
3276,0.6667,13,0
3277,0.5625,13,0
3278,0.4,12,0
3282,0.25,13,0
3284,0.5,13,1
3288,0.2727,13,0
3291,0.3333,11,0
3293,0.4444,12,0
3294,0.6364,13,0
3297,0.375,12,0
3298,0.3421,13,0
3300,0.3,13,0
3302,0.3846,13,0
3309,0.5595,13,0
3310,0.9028,13,2
3313,0.5476,13,0
3314,0.4561,13,0
3316,0.4681,13,0
3322,0.7357,13,2
3323,0.4231,13,0
3324,0.5714,13,0
3328,0.5714,13,0
3329,0.4231,13,0
3336,0.3977,13,0
3339,0.7313,13,1
3341,0.5,13,0
3344,0.4681,13,1
3352,0.4,13,0
3354,0.6786,13,0
3355,0.4333,13,1
3357,0.8393,13,2
3359,0.3654,13,0
3360,0.4412,13,1
3361,0.4583,11,0
3373,0.3478,12,0
3374,0.5917,13,1
3379,0.6,12,0
3381,0.2727,13,0
3386,0.4348,13,0
3388,0.5357,12,0
3390,0.5,12,0
3393,0.3667,13,0
3397,0.5278,13,0
3405,0.3636,12,0
3407,0.2,13,0
3408,0.42,13,0
3414,0.6885,13,0
3418,0.6071,13,0
3419,0.5667,13,0
3451,0.3214,12,0
3452,0.4574,12,1
3454,0.5,12,0
3458,0.5125,12,0
3459,0.4677,12,2
3461,0.5625,12,0
3464,0.4194,12,0
3465,0.25,12,0
3467,0.7313,12,0
3468,0.4545,12,0
3472,0.5,12,0
3473,0.4231,11,0
3476,0.87,12,2
3478,0.8152,12,1
3481,0.5455,12,1
3482,0.6364,12,0
3484,0.3333,12,0
3487,0.45,12,0
3488,0.4643,12,0
3489,0.375,12,0
3490,0.6087,12,0
3491,0.4167,11,0
3492,0.3125,12,0
3494,0.4167,12,0
3501,0.4464,12,0
3504,0.4375,12,1
3506,0.7143,12,1
3507,0.5,12,0
3510,0.4,12,0
3512,0.5,12,1
3515,0.25,12,0
3526,0.4167,11,0
3527,0.3333,12,0
3533,0.5556,11,0
3534,0.6615,12,2
3536,0.6765,12,1
3537,0.5333,12,0
3538,0.7945,11,5
3539,0.7831,12,2
3542,0.4167,12,0
3543,0.3906,12,0
3544,0.2222,12,0
3545,0.3587,12,0
3546,0.5714,12,0
3550,0.6429,12,0
3559,0.4231,12,0
3560,0.4419,9,0
3561,0.2083,11,0
3562,0.3214,10,0
3566,0.5,12,0
3568,0.4667,12,0
3572,0.4583,12,0
3577,0.3333,12,0
3581,0.3704,12,0
3588,0.4615,11,0
3596,0.25,12,0
3598,0.4074,12,0
3602,0.61,12,0
3603,0.5417,12,1
3604,0.5435,12,1
3606,0.4545,12,0
3610,0.7,12,0
3616,0.5185,12,0
3618,0.5119,12,1
3619,0.3654,12,0
3620,0.675,12,0
3623,0.3077,12,0
3624,0.2727,12,0
3627,0.4423,12,0
3630,0.6585,12,1
3632,0.2885,12,0
3634,0.4167,12,0
3635,0.5521,12,0
3636,0.5556,12,0
3637,0.4125,12,0
3641,0.6066,12,0
3647,0.7353,12,0
3648,0.3462,12,0
3653,0.4348,12,0
3654,0.4722,12,2
3655,0.541,12,2
3656,0.5,12,0
3658,0.4032,12,0
3660,0.4545,10,0
3661,0.75,12,1
3663,0.5978,12,1
3667,0.4318,12,1
3668,0.6293,12,1
3669,0.4815,12,0
3673,0.5,12,0
3674,0.5588,12,0
3676,0.3871,12,0
3679,0.4884,12,0
3681,0.4107,9,0
3683,0.663,12,0
3688,0.5227,12,0
3691,0.25,11,0
3692,0.4545,12,0
3695,0.5,12,0
3704,0.3333,12,0
3707,0.6383,12,0
3711,0.5,12,0
3712,0.3125,12,0
3719,0.4286,12,0
3721,0.6471,12,0
3723,0.3333,12,0
3728,0.4167,10,0
3729,0.4667,12,0
3734,0.1,12,0
3735,0.4773,12,0
3737,0.5435,12,0
3739,0.2581,9,0
3740,0.5556,12,0
3748,0.525,12,0
3749,0.35,12,1
3751,0.4,11,0
3753,0.4615,12,0
3755,0.3333,12,0
3759,0.5,12,0
3760,0.45,12,0
3767,0.5435,12,0
3770,0.4419,12,0
3773,0.3333,12,0
3777,0.6667,12,0
3786,0.5333,12,1
3792,0.4722,12,1
3793,0.4286,12,0
3794,0.3182,12,0
3799,0.5556,12,0
3802,0.4828,12,0
3812,0.5167,12,0
3814,0.46,12,0
3815,0.4286,12,0
3821,0.5385,12,0
3822,0.2917,12,0
3824,0.407,12,1
3826,0.3333,12,0
3834,0.4667,12,0
3835,0.551,12,1
3838,0.3333,12,0
3843,0.6,11,0
3847,0.7536,12,3
3848,0.6,12,0
3853,0.6571,12,0
3859,0.4231,12,0
3863,0.4783,12,0
3865,0.25,12,0
3871,0.3,12,0
3875,0.5652,12,1
3876,0.3182,12,0
3880,0.5,11,0
3881,0.4167,10,0
3882,0.5517,12,0
3883,0.7241,12,0
3925,0.5517,11,0
3926,0.5789,11,0
3928,0.7045,11,2
3931,0.5714,11,0
3932,0.5244,11,0
3933,0.5,11,0
3936,0.4423,11,0
3937,0.7111,11,0
3939,0.4028,10,0
3940,0.8137,11,2
3944,0.6429,11,0
3950,0.5854,11,0
3951,0.4375,12,0
3952,0.5,11,1
3954,0.5455,11,0
3958,0.5357,11,0
3959,0.7308,11,1
3965,0.475,10,0
3966,0.5455,11,0
3970,0.6275,12,0
3975,0.3333,11,0
3976,0.3636,11,0
3984,0.2727,11,0
3985,0.6154,10,0
3986,0.7368,11,2
3990,0.9268,11,3
3996,0.4545,11,0
4003,0.7692,11,2
4004,0.4651,11,0
4005,0.4667,11,0
4009,0.5357,11,0
4010,0.3571,11,0
4011,0.2727,11,0
4012,0.3,11,0
4013,0.4286,11,0
4014,0.3696,10,0
4015,0.3295,10,1
4019,0.45,11,0
4020,0.6512,11,1
4021,0.6136,11,0
4024,0.3333,11,0
4026,0.4138,11,0
4027,0.5192,11,0
4028,0.6809,11,0
4034,0.2917,10,0
4039,0.7358,11,2
4041,0.4875,11,0
4043,0.3696,11,0
4048,0.5612,11,1
4050,0.5833,11,0
4054,0.2727,10,0
4057,0.3929,11,0
4060,0.3462,11,0
4061,0.3393,11,0
4063,0.7167,11,2
4065,0.6429,11,0
4068,0.6571,11,0
4069,0.5566,11,1
4073,0.3571,11,0
4074,0.4231,11,0
4079,0.4074,11,0
4085,0.4,11,0
4087,0.5185,11,0
4089,0.7063,11,2
4091,0.3333,10,0
4093,0.5,10,0
4096,0.4615,11,0
4097,0.3846,10,0
4099,0.6154,11,1
4104,0.4667,11,0
4111,0.2917,11,0
4112,0.4286,11,0
4114,0.3889,10,0
4118,0.5769,11,0
4119,0.4444,11,0
4121,0.4444,11,0
4122,0.54,11,0
4123,0.3125,10,0
4125,0.4135,11,2
4127,0.3333,10,0
4130,0.6316,11,0
4131,0.3571,11,1
4135,0.3875,11,0
4139,0.3333,11,0
4141,0.1818,11,0
4143,0.6915,11,0
4145,0.3333,11,0
4146,0.25,11,0
4150,0.5862,11,0
4152,0.5814,10,1
4153,0.5635,11,1
4159,0.3548,11,1
4160,0.381,11,0
4166,0.2222,11,0
4169,0.3148,10,0
4171,0.1905,10,0
4173,0.2931,10,0
4174,0.2,11,0
4175,0.5,11,0
4176,0.1875,11,0
4179,0.3333,10,0
4180,0.463,11,0
4181,0.6667,10,0
4182,0.4444,11,0
4183,0.5625,11,0
4186,0.4762,11,0
4187,0.5312,11,0
4188,0.7101,11,1
4189,0.4872,11,0
4191,0.3125,11,0
4192,0.5978,11,0
4198,0.5,11,0
4201,0.6333,11,1
4205,0.3462,11,0
4206,0.7701,11,2
4207,0.625,11,0
4213,0.734,11,2
4215,0.5,11,0
4216,0.4419,11,0
4219,0.4902,11,0
4225,0.1,11,0
4226,0.4286,10,0
4229,0.4,10,0
4230,0.2222,11,0
4232,0.3333,11,0
4237,0.5481,11,0
4238,0.3684,11,0
4239,0.3947,11,0
4241,0.2381,11,0
4242,0.475,11,0
4252,0.3182,11,1
4253,0.8235,11,1
4255,0.7167,11,0
4256,0.6774,11,0
4260,0.3636,10,0
4265,0.6778,11,3
4269,0.4545,10,0
4270,0.4615,9,0
4272,0.717,11,1
4276,0.4583,11,0
4277,0.5,11,0
4285,0.5,11,0
4286,0.5833,10,1
4290,0.5312,11,1
4291,0.5741,11,0
4292,0.4,11,0
4293,0.569,11,0
4295,0.3462,11,0
4299,0.4,10,0
4306,0.2667,11,0
4309,0.4667,10,1
4311,0.5577,11,0
4319,0.3704,11,0
4320,0.3704,11,0
4322,0.5,11,0
4325,0.5111,10,0
4327,0.5652,11,0
4328,0.3846,10,0
4329,0.5488,11,0
4330,0.25,11,0
4332,0.3,11,0
4336,0.4074,11,0
4337,0.4167,11,0
4338,0.5682,11,0
4342,0.65,11,0
4343,0.4667,11,0
4355,0.4815,11,0
4360,0.5,10,0
4361,0.5179,11,0
4362,0.6458,11,2
4364,0.51,11,0
4371,0.6,11,0
4373,0.6429,11,0
4375,0.5161,11,0
4377,0.5227,11,0
4381,0.7097,11,2
4382,0.2083,9,0
4384,0.5,11,1
4386,0.3846,11,0
4388,0.4194,11,0
4390,0.3125,11,0
4391,0.6271,11,0
4392,0.5614,11,1
4395,0.4038,11,1
4398,0.2917,11,0
4400,0.5,11,1
4401,0.5,11,0
4403,0.6667,11,0
4405,0.4333,11,0
4414,0.8896,4,4
4415,0.7615,9,2
4416,0.4714,9,0
4418,0.5152,9,0
4419,0.7273,3,0
4421,0.6364,1,1
4450,0.3889,10,0
4451,0.7692,10,2
4453,0.5326,10,1
4455,0.3333,10,0
4456,0.36,10,0
4458,0.4423,10,0
4459,0.3913,9,0
4462,0.4167,10,0
4464,0.2,10,0
4467,0.4815,10,0
4469,0.4655,10,0
4470,0.5294,9,0
4471,0.3182,10,0
4472,0.6696,10,2
4473,0.2692,10,0
4476,0.65,10,2
4480,0.5,10,0
4481,0.7889,9,1
4485,0.4167,10,0
4488,0.6562,10,2
4499,0.7429,10,0
4500,0.5,10,0
4501,0.4419,10,0
4504,0.2727,9,0
4505,0.2609,10,0
4509,0.7,9,0
4511,0.4444,10,0
4512,0.6625,10,0
4513,0.4167,10,0
4516,0.4615,10,0
4522,0.75,10,2
4523,0.4545,10,0
4531,0.4091,10,0
4533,0.38,10,0
4534,0.5104,10,0
4536,0.8,10,0
4537,0.3333,10,0
4539,0.4167,10,0
4541,0.6429,10,0
4546,0.3654,10,0
4547,0.4167,10,0
4549,0.3333,10,0
4550,0.4259,10,0
4561,0.6538,10,1
4562,0.3333,10,0
4564,0.66,10,1
4565,0.5294,10,0
4567,0.3333,10,0
4568,0.3542,9,0
4571,0.75,10,0
4572,0.4231,9,0
4573,0.3448,10,0
4575,0.4516,10,0
4576,0.5926,10,0
4579,0.3448,10,0
4582,0.3636,10,0
4585,0.2727,10,0
4586,0.4884,10,0
4587,0.4524,10,0
4590,0.5417,10,0
4592,0.5357,10,1
4593,0.4868,10,1
4594,0.2222,9,0
4597,0.2083,9,0
4598,0.3889,10,1
4600,0.3571,7,0
4601,0.4444,10,0
4603,0.2,10,0
4607,0.6136,10,0
4610,0.4783,10,1
4611,0.64,10,1
4613,0.8125,8,1
4617,0.4419,6,0
4619,0.2273,10,0
4622,0.5556,10,0
4623,0.3333,10,0
4624,0.5455,10,0
4627,0.3571,9,0
4628,0.4167,7,0
4630,0.2727,9,0
4632,0.5,9,0
4635,0.8667,10,3
4637,0.3333,9,0
4638,0.4359,10,0
4639,0.6429,10,0
4641,0.5435,10,0
4643,0.4483,10,0
4645,0.4048,10,0
4646,0.6667,10,0
4648,0.3,10,0
4652,0.4022,7,0
4653,0.4545,10,0
4655,0.4286,10,0
4656,0.4444,10,0
4661,0.2917,10,0
4662,0.5,10,0
4663,0.5893,10,0
4664,0.2,10,0
4669,0.5,10,0
4674,0.4524,10,0
4678,0.7541,10,2
4680,0.4032,10,0
4682,0.4828,10,0
4692,0.4,10,0
4693,0.3,10,0
4701,0.4222,10,0
4702,0.2,9,0
4703,0.5556,6,0
4707,0.25,9,0
4711,0.3043,9,0
4715,0.3333,10,0
4717,0.3333,10,0
4723,0.5,9,0
4728,0.6207,10,0
4729,0.4667,7,0
4731,0.5833,10,0
4734,0.4375,10,0
4735,0.4875,10,1
4737,0.3462,10,0
4738,0.5,10,0
4739,0.2667,8,0
4741,0.2222,10,0
4744,0.5,10,0
4748,0.2727,10,0
4750,0.4583,10,0
4758,0.4375,10,0
4761,0.4405,10,0
4764,0.3889,5,0
4765,0.3571,9,0
4766,0.5882,1,0
4774,0.75,10,1
4775,0.4875,10,2
4776,0.4043,10,2
4778,0.4545,10,0
4779,0.3913,10,0
4782,0.3571,9,0
4786,0.5263,10,0
4787,0.4091,10,0
4795,0.7424,10,1
4809,0.4286,10,0
4810,0.3519,10,0
4816,0.2857,10,0
4817,0.4423,10,0
4821,0.5556,10,1
4823,0.5,8,0
4827,0.4333,10,0
4828,0.5667,10,0
4829,0.65,10,1
4835,0.3148,10,0
4838,0.5,8,0
4851,0.4423,10,0
4854,0.3958,10,0
4855,0.4186,10,0
4859,0.25,10,0
4903,0.4118,9,0
4904,0.475,9,0
4905,0.6774,9,1
4906,0.4286,9,0
4907,0.6724,9,1
4908,0.1667,9,0
4909,0.637,9,0
4911,0.7536,9,2
4915,0.4881,9,0
4917,0.5375,8,1
4918,0.3214,9,0
4919,0.5833,9,0
4925,0.375,9,0
4926,0.623,9,1
4930,0.4,10,1
4931,0.6111,9,1
4935,0.3929,9,0
4944,0.475,9,1
4946,0.4722,9,0
4947,0.5385,9,0
4951,0.5,7,0
4952,0.5333,9,0
4955,0.5455,8,0
4956,0.5536,9,0
4957,0.1111,8,0
4959,0.6471,9,0
4961,0.375,9,0
4964,0.2727,8,0
4967,0.5638,9,1
4972,0.3077,6,0
4973,0.4375,10,0
4976,0.6375,8,1
4978,0.4545,9,0
4980,0.4286,9,0
4982,0.3542,9,1
4983,0.4808,9,0
4984,0.5185,9,0
4987,0.2083,9,0
4988,0.4464,9,0
4990,0.5,9,0
4991,0.4286,9,0
4994,0.5366,9,0
4998,0.4423,9,0
4999,0.3462,7,0
5000,0.375,9,0
5002,0.4737,8,0
5005,0.1905,9,0
5006,0.2286,9,1
5010,0.5185,9,0
5012,0.4375,9,0
5013,0.625,10,0
5016,0.5417,9,0
5019,0.1667,9,0
5024,0.383,9,0
5025,0.2857,9,0
5026,0.4483,9,0
5027,0.4444,9,0
5031,0.5556,8,1
5032,0.537,9,0
5036,0.4583,8,1
5041,0.2727,9,0
5045,0.4,8,0
5046,0.3605,9,0
5048,0.3542,8,0
5049,0.5,9,0
5050,0.661,9,2
5052,0.54,10,1
5053,0.4516,9,0
5056,0.4857,9,0
5057,0.4167,9,0
5059,0.3333,9,0
5060,0.2917,7,0
5065,0.3846,9,0
5066,0.4833,9,0
5067,0.3947,9,0
5070,0.2308,9,0
5071,0.4615,9,0
5084,0.7059,9,0
5086,0.6518,9,1
5089,0.561,9,1
5090,0.6316,9,2
5096,0.4167,9,0
5098,0.4222,9,1
5099,0.3636,8,0
5103,0.5417,9,0
5104,0.697,9,0
5109,0.5185,9,0
5110,0.4583,9,0
5112,0.5455,9,1
5113,0.3571,9,0
5114,0.7215,9,2
5115,0.4583,9,0
5119,0.6429,9,0
5123,0.3,8,0
5124,0.4444,9,0
5125,0.4211,9,0
5126,0.4516,9,0
5130,0.2727,8,0
5133,0.4,7,0
5135,0.4111,9,0
5136,0.3571,9,0
5137,0.5238,9,0
5141,0.5294,9,0
5142,0.4231,9,0
5143,0.2222,8,0
5144,0.45,8,0
5145,0.1667,9,0
5147,0.4706,9,0
5148,0.42,9,0
5149,0.2,8,0
5150,0.4694,9,2
5152,0.623,9,0
5160,0.4595,9,0
5162,0.25,9,0
5166,0.5526,9,0
5167,0.4884,9,0
5171,0.5909,9,0
5172,0.8372,9,2
5176,0.2,9,0
5181,0.4419,9,1
5182,0.3704,8,0
5183,0.3125,9,0
5188,0.4,9,0
5189,0.1667,7,0
5190,0.5444,9,0
5193,0.5119,9,0
5197,0.375,8,0
5199,0.6667,9,1
5203,0.25,9,0
5205,0.5673,9,0
5212,0.4583,9,0
5214,0.4,9,0
5216,0.6696,9,2
5217,0.5,9,0
5219,0.3125,7,0
5224,0.4444,8,0
5225,0.375,9,0
5229,0.4615,9,0
5230,0.4464,9,0
5231,0.3846,9,0
5232,0.5,9,0
5234,0.5385,9,0
5235,0.5161,9,0
5239,0.4375,8,0
5242,0.413,9,2
5243,0.2,9,1
5247,0.35,9,0
5253,0.3333,9,0
5255,0.3333,7,0
5256,0.4167,9,0
5260,0.3889,9,0
5261,0.3214,9,0
5263,0.3333,9,0
5265,0.24,9,0
5268,0.2692,8,0
5271,0.55,7,0
5274,0.5333,9,0
5275,0.5417,9,0
5276,0.4286,9,0
5278,0.3,9,0
5282,0.4107,9,0
5283,0.5556,9,0
5285,0.2727,9,0
5291,0.4667,8,0
5293,0.3667,9,0
5295,0.3571,9,0
5298,0.3816,9,1
5299,0.3,9,0
5312,0.2727,9,0
5314,0.6047,9,0
5331,0.4667,6,0
5332,0.3871,9,0
5338,0.4894,9,0
5339,0.4091,9,0
5347,0.3462,8,0
5348,0.5333,9,0
5401,0.4286,8,0
5402,0.4231,7,0
5406,0.7288,8,2
5407,0.4318,8,1
5409,0.7685,7,3
5410,0.4878,8,0
5411,0.369,8,0
5413,0.2222,8,0
5414,0.5873,8,0
5417,0.5122,8,0
5419,0.6522,6,0
5420,0.3929,8,0
5421,0.5,8,0
5422,0.24,8,2
5424,0.4688,8,0
5427,0.3875,8,1
5429,0.35,8,0
5430,0.2917,8,0
5431,0.6222,8,0
5434,0.7692,8,0
5436,0.4643,8,0
5437,0.4167,8,0
5438,0.6154,7,0
5439,0.48,8,0
5440,0.3636,7,0
5442,0.431,8,0
5443,0.25,7,0
5448,0.375,8,0
5450,0.3077,8,0
5454,0.551,8,1
5457,0.2083,8,0
5458,0.4306,9,1
5459,0.2857,8,0
5460,0.723,8,2
5461,0.3571,8,0
5462,0.5463,8,0
5464,0.6,8,0
5467,0.3846,8,0
5468,0.4891,8,0
5470,0.2083,8,0
5472,0.663,8,0
5474,0.4444,8,0
5478,0.4516,8,1
5480,0.5,8,0
5484,0.5934,8,1
5486,0.3333,8,0
5490,0.4634,8,0
5491,0.3333,8,0
5492,0.4231,8,0
5493,0.2308,8,0
5494,0.3659,6,0
5498,0.625,8,1
5500,0.1818,7,0
5501,0.4815,8,0
5503,0.3409,8,1
5504,0.4375,8,0
5505,0.6228,8,0
5507,0.5156,8,0
5509,0.4048,8,1
5511,0.5114,8,1
5517,0.5294,7,0
5518,0.5,8,0
5523,0.2708,8,0
5525,0.4545,7,0
5526,0.375,8,1
5528,0.4286,7,0
5530,0.3667,8,0
5531,0.3704,8,0
5532,0.3958,8,0
5533,0.1875,8,0
5534,0.4194,8,0
5535,0.4884,7,0
5538,0.4898,8,1
5539,0.2727,6,0
5541,0.3,8,0
5546,0.4,8,0
5547,0.4149,8,1
5549,0.4875,8,0
5550,0.4038,8,0
5553,0.4643,8,0
5554,0.4362,8,0
5555,0.5,8,1
5557,0.55,7,0
5559,0.4545,8,1
5561,0.4483,8,0
5562,0.25,8,0
5563,0.4898,8,2
5564,0.4118,7,0
5567,0.4464,8,0
5570,0.1,7,0
5572,0.5204,8,0
5576,0.3636,8,0
5577,0.35,8,1
5578,0.6,8,0
5583,0.5,8,0
5584,0.6,8,0
5586,0.2727,8,0
5587,0.5096,8,3
5588,0.3929,8,0
5599,0.4,8,0
5603,0.5682,8,0
5607,0.4,8,0
5610,0.5,7,0
5612,0.5484,8,1
5613,0.4625,8,0
5614,0.5319,8,1
5618,0.3636,8,0
5619,0.5192,8,0
5623,0.5341,7,0
5624,0.0833,8,0
5626,0.6,8,0
5632,0.4314,8,0
5635,0.4286,8,0
5638,0.5,8,0
5641,0.3571,8,0
5642,0.2708,7,0
5651,0.3478,8,0
5653,0.6071,8,0
5654,0.5435,8,0
5655,0.3333,8,0
5658,0.3,8,0
5659,0.5417,7,0
5660,0.5957,8,0
5665,0.5,8,0
5666,0.4167,8,0
5667,0.4444,8,0
5669,0.2727,8,0
5672,0.3333,8,0
5674,0.3929,8,0
5675,0.6458,8,1
5676,0.4677,8,0
5679,0.35,8,0
5682,0.4583,8,0
5683,0.4259,8,0
5684,0.5179,8,0
5687,0.6385,8,0
5690,0.5862,8,0
5695,0.5,8,0
5696,0.3,8,0
5697,0.3125,8,0
5700,0.3333,8,0
5702,0.375,8,0
5704,0.2708,6,0
5705,0.6458,8,1
5706,0.375,8,0
5708,0.4062,8,0
5709,0.375,8,0
5712,0.7131,8,2
5714,0.4375,8,0
5715,0.537,8,0
5716,0.5,8,0
5720,0.3333,8,0
5722,0.25,8,0
5724,0.5982,8,1
5726,0.5,7,0
5727,0.6402,8,3
5728,0.2727,7,0
5729,0.2857,8,0
5732,0.5349,8,0
5735,0.4828,8,0
5736,0.6061,8,0
5740,0.5179,8,0
5744,0.6667,8,0
5752,0.3333,7,0
5756,0.3065,8,0
5762,0.4038,8,0
5763,0.3846,8,0
5773,0.125,8,0
5785,0.2727,8,0
5800,0.3,7,0
5801,0.62,7,0
5802,0.3846,6,0
5804,0.5806,7,2
5805,0.5,7,0
5806,0.4615,7,1
5809,0.3571,7,1
5811,0.5556,7,0
5813,0.8511,8,2
5816,0.3913,7,0
5817,0.5,8,1
5818,0.4643,7,0
5822,0.46,7,0
5826,0.3333,6,0
5827,0.5678,7,1
5828,0.3611,7,0
5829,0.4651,7,0
5830,0.3043,7,0
5835,0.2727,7,0
5837,0.6154,7,0
5841,0.25,7,0
5842,0.5,7,0
5843,0.4839,7,0
5846,0.5417,7,2
5847,0.6071,7,0
5851,0.44,6,0
5856,0.5,6,0
5857,0.5,7,0
5860,0.4815,7,0
5863,0.3333,7,0
5865,0.5455,6,0
5866,0.4423,7,0
5869,0.413,7,0
5871,0.2174,7,0
5872,0.5,7,0
5874,0.1,7,0
5876,0.3684,7,1
5878,0.2917,7,0
5881,0.6471,7,0
5887,0.2941,7,0
5889,0.4286,7,0
5892,0.4405,7,0
5894,0.4286,7,0
5895,0.8478,7,3
5900,0.3158,7,0
5901,0.4464,7,0
5902,0.4583,7,0
5903,0.6429,7,1
5907,0.5,7,0
5908,0.3684,7,0
5913,0.7436,7,1
5914,0.5517,7,0
5915,0.2917,7,0
5918,0.3333,7,0
5920,0.4762,7,0
5923,0.4,7,0
5924,0.2692,6,0
5926,0.5106,7,0
5927,0.431,7,0
5928,0.3333,6,0
5929,0.2,6,0
5930,0.4667,7,0
5932,0.55,5,0
5933,0.4815,7,0
5934,0.375,7,0
5935,0.4545,7,0
5937,0.3793,7,0
5940,0.8033,7,2
5941,0.36,5,0
5948,0.5312,7,1
5951,0.4231,6,0
5954,0.35,6,0
5959,0.4583,7,0
5962,0.3125,7,0
5965,0.0476,7,0
5968,0.3684,7,0
5970,0.5469,7,0
5971,0.6364,5,0
5973,0.4545,6,0
5975,0.2692,7,0
5980,0.4146,7,1
5982,0.375,7,0
5985,0.4483,7,1
5986,0.4667,7,1
5987,0.6613,7,1
5988,0.2,7,0
5990,0.4082,7,1
5992,0.2708,7,0
5993,0.4545,7,0
5996,0.3,6,0
5997,0.4643,7,0
6000,0.2727,7,0
6002,0.4556,7,0
6004,0.25,7,0
6005,0.3846,7,0
6014,0.375,7,0
6016,0.2708,7,0
6017,0.4,7,0
6020,0.3333,7,0
6023,0.3167,7,0
6024,0.3676,7,0
6025,0.4375,7,0
6026,0.625,7,0
6029,0.2679,7,0
6032,0.1818,7,0
6033,0.4348,7,0
6035,0.375,7,0
6036,0.6875,7,1
6044,0.3333,7,0
6045,0.3,6,0
6047,0.2222,7,0
6050,0.3077,7,0
6055,0.5,6,0
6057,0.4833,7,1
6059,0.4231,7,0
6060,0.5,7,0
6064,0.7742,7,1
6067,0.3929,7,0
6068,0.5385,6,0
6071,0.3846,7,0
6072,0.3043,7,0
6073,0.4615,7,0
6076,0.3667,7,0
6077,0.4643,7,0
6078,0.5702,7,0
6079,0.3036,7,0
6081,0.5,7,0
6083,0.4444,7,0
6085,0.4545,7,1
6087,0.4889,7,0
6088,0.45,7,0
6089,0.3958,6,0
6090,0.5568,7,0
6091,0.4167,6,0
6096,0.3077,7,0
6097,0.4231,7,0
6098,0.375,7,0
6099,0.4375,7,0
6100,0.3871,7,0
6101,0.4583,7,0
6102,0.4583,7,0
6104,0.5568,7,1
6106,0.2,6,0
6107,0.3571,7,0
6112,0.587,7,0
6113,0.4423,7,0
6114,0.55,7,1
6120,0.4886,7,1
6121,0.3214,7,0
6122,0.4333,7,1
6127,0.3636,7,0
6128,0.4667,7,1
6132,0.1,7,0
6135,0.4222,7,0
6145,0.3333,7,0
6146,0.4783,7,0
6147,0.5556,7,0
6150,0.3846,7,0
6152,0.5167,7,0
6153,0.5,7,1
6155,0.5,7,0
6157,0.4118,7,0
6160,0.6667,7,0
6161,0.4231,7,0
6162,0.4444,7,0
6166,0.4545,7,0
6167,0.3182,7,0
6168,0.4186,7,1
6170,0.4167,7,0
6171,0.375,7,0
6175,0.3929,7,0
6180,0.4231,7,0
6181,0.4545,7,0
6184,0.3333,6,0
6189,0.35,7,0
6190,0.2083,7,0
6191,0.3,7,0
6194,0.3784,6,1
6199,0.4,7,0
6200,0.5,7,0
6201,0.4125,7,0
6213,0.4,7,0
6214,0.375,7,0
6217,0.4583,7,0
6220,0.2727,6,0
6223,0.2083,6,0
6226,0.5357,7,0
6230,0.3621,7,0
6232,0.8125,7,0
6238,0.4038,5,0
6239,0.2,6,0
6240,0.3125,5,0
6300,0.4118,7,0
6302,0.1818,6,0
6305,0.3929,5,0
6317,0.4167,6,0
6318,0.1111,6,0
6322,0.4444,6,0
6323,0.4348,5,0
6324,0.3571,6,0
6326,0.4444,6,1
6327,0.381,6,0
6328,0.8103,6,5
6329,0.7593,6,0
6331,0.2222,5,0
6333,0.4138,6,0
6340,0.5877,6,0
6341,0.4756,6,0
6343,0.375,6,0
6344,0.3837,6,0
6345,0.5,6,0
6346,0.375,6,0
6348,0.75,6,0
6350,0.5455,6,0
6351,0.5263,5,0
6352,0.625,6,0
6355,0.1111,4,0
6357,0.3846,6,0
6358,0.3333,6,0
6364,0.8077,5,1
6366,0.42,6,0
6367,0.3333,5,0
6369,0.4545,6,0
6377,0.4255,7,0
6381,0.5385,6,0
6390,0.625,5,1
6391,0.5484,6,0
6397,0.2766,5,0
6398,0.3182,6,0
6401,0.4062,6,0
6402,0.5333,6,0
6411,0.5455,5,0
6413,0.4167,6,1
6415,0.3846,6,0
6417,0.55,5,0
6418,0.4348,6,0
6419,0.44,7,0
6420,0.4605,6,0
6421,0.6639,6,2
6423,0.4286,6,0
6424,0.5,7,1
6428,0.3333,6,0
6429,0.3182,6,1
6430,0.375,6,0
6431,0.4,5,0
6432,0.35,6,0
6434,0.4,6,0
6436,0.7188,6,0
6443,0.4483,6,0
6453,0.6154,6,1
6455,0.3636,6,0
6459,0.3333,5,0
6464,0.4,6,0
6465,0.2368,6,0
6471,0.3571,6,0
6473,0.5652,6,0
6476,0.4667,6,0
6479,0.4,6,0
6483,0.0833,6,0
6485,0.6842,6,0
6486,0.5625,4,0
6498,0.48,6,1
6499,0.4545,6,0
6500,0.6327,6,0
6502,0.5472,6,0
6504,0.5526,6,1
6506,0.3333,6,0
6508,0.5333,5,0
6510,0.6552,6,1
6512,0.3846,5,0
6517,0.6333,6,0
6519,0.3,6,0
6527,0.1667,5,0
6528,0.4423,6,1
6529,0.4167,5,0
6532,0.5769,6,0
6533,0.4231,6,0
6538,0.5172,6,0
6548,0.375,6,0
6552,0.3125,5,0
6556,0.2708,6,0
6558,0.3036,6,0
6560,0.6754,6,1
6561,0.3553,6,0
6565,0.375,6,0
6566,0.4242,6,0
6569,0.4889,6,0
6570,0.4464,6,0
6574,0.5811,6,0
6575,0.4615,6,0
6580,0.6304,6,0
6581,0.2083,6,0
6586,0.3462,6,1
6588,0.4,6,0
6591,0.4138,6,0
6593,0.3,5,0
6605,0.4,5,0
6606,0.35,6,0
6608,0.5385,6,0
6610,0.35,6,0
6615,0.5385,6,0
6616,0.4444,6,0
6618,0.6818,6,1
6619,0.4444,6,0
6620,0.4444,6,0
6621,0.3,6,0
6622,0.4667,6,1
6628,0.35,5,0
6631,0.3958,6,0
6636,0.5,6,0
6637,0.582,6,3
6639,0.25,6,0
6642,0.4681,6,1
6643,0.2083,6,0
6645,0.4615,6,0
6647,0.6296,6,0
6648,0.7,5,0
6651,0.381,5,0
6652,0.5,6,1
6657,0.3125,6,0
6658,0.3182,6,0
6662,0.0,6,0
6665,0.4167,6,0
6672,0.6507,6,2
6676,0.3,6,0
6682,0.25,6,0
6686,0.25,6,0
6690,0.4878,6,0
6693,0.1818,5,0
6694,0.6429,6,0
6695,0.2778,6,0
6696,0.375,6,0
6702,0.4167,5,0
6704,0.2857,6,0
6705,0.6939,6,0
6709,0.2,6,0
6711,0.2857,5,0
6712,0.3929,6,1
6721,0.3333,6,0
6722,0.4286,5,0
6723,0.3846,6,0
6729,0.5,5,0
6731,0.4516,6,0
6732,0.2727,6,0
6738,0.4464,6,0
6740,0.4,6,0
6741,0.4032,6,1
6743,0.6364,5,0
6744,0.4167,6,0
6749,0.5357,6,1
6753,0.4792,6,0
6758,0.5556,5,0
6762,0.125,6,0
6763,0.3462,6,0
6764,0.25,6,0
6768,0.5385,5,0
6800,0.8378,5,4
6802,0.4872,5,0
6805,0.5185,5,0
6806,0.4706,5,0
6808,0.38,5,0
6809,0.5556,5,0
6814,0.381,5,0
6817,0.3214,5,0
6821,0.3333,5,0
6822,0.2083,5,0
6823,0.6707,5,0
6824,0.2,5,0
6825,0.45,5,0
6829,0.5849,5,0
6830,0.375,5,0
6831,0.5341,5,1
6832,0.5217,4,0
6833,0.38,5,0
6834,0.4545,5,0
6838,0.8415,6,2
6840,0.5,5,0
6843,0.3333,4,0
6844,0.5172,5,1
6850,0.6111,5,0
6859,0.5,4,1
6860,0.2917,5,0
6861,0.5222,5,0
6863,0.35,5,0
6864,0.4531,4,0
6865,0.2333,5,0
6868,0.3333,6,0
6869,0.4167,4,0
6872,0.2222,3,0
6873,0.4,4,0
6875,0.2333,6,0
6877,0.4231,5,0
6880,0.4545,4,0
6882,0.3,5,0
6884,0.2857,5,0
6885,0.2222,5,0
6887,0.36,5,0
6888,0.4651,6,0
6894,0.5323,5,0
6895,0.375,5,0
6896,0.4375,5,0
6897,0.4074,6,0
6901,0.4375,5,0
6902,0.7,5,0
6904,0.5455,5,0
6905,0.3333,5,0
6908,0.3542,5,0
6909,0.3571,5,0
6910,0.4286,5,1
6911,0.4833,5,0
6914,0.4828,5,0
6916,0.1111,4,0
6918,0.425,5,0
6919,0.7231,5,2
6921,0.4231,5,0
6925,0.3837,5,0
6929,0.3636,5,0
6932,0.4038,5,0
6933,0.5795,5,0
6934,0.0909,5,0
6936,0.4583,5,0
6937,0.3,4,0
6945,0.125,5,0
6947,0.5333,5,0
6948,0.6333,5,0
6956,0.4468,6,0
6961,0.4545,5,0
6962,0.5714,5,0
6963,0.45,5,1
6964,0.3333,4,0
6968,0.1111,5,0
6969,0.325,5,0
6974,0.4286,4,0
6978,0.4265,5,0
6981,0.0909,5,0
6985,0.5833,6,0
6988,0.3158,6,0
6989,0.3971,6,0
6995,0.58,5,0
6998,0.413,5,1
7018,0.3,5,0
7021,0.7381,5,1
7028,0.7,6,0
7030,0.35,5,0
7031,0.4,4,0
7034,0.7353,5,2
7035,0.25,6,0
7036,0.5,4,0
7037,0.5714,5,0
7038,0.55,5,0
7039,0.4783,5,0
7040,0.5455,5,0
7042,0.5968,5,0
7045,0.475,5,0
7048,0.4545,4,0
7054,0.4754,5,0
7056,0.54,5,1
7064,0.3333,5,0
7067,0.6562,5,0
7068,0.4773,5,0
7072,0.52,5,1
7077,0.3182,5,0
7085,0.4333,5,0
7086,0.4,6,0
7088,0.4483,4,0
7091,0.3333,4,0
7094,0.5185,5,1
7102,0.5833,4,0
7103,0.5667,5,0
7104,0.4194,5,0
7106,0.4286,4,0
7109,0.3548,5,0
7110,0.5333,5,0
7111,0.5714,5,0
7112,0.431,5,0
7115,0.4167,4,0
7117,0.3333,5,0
7119,0.4167,4,0
7121,0.4222,5,0
7125,0.4318,5,0
7127,0.5167,4,1
7128,0.5,4,0
7130,0.3667,5,0
7137,0.45,5,0
7144,0.4333,4,0
7145,0.4655,5,0
7147,0.4231,5,0
7153,0.4906,5,0
7154,0.4355,5,0
7155,0.4167,5,0
7157,0.6875,5,0
7160,0.5532,5,0
7161,0.3846,5,0
7163,0.3846,5,0
7165,0.48,5,0
7166,0.5517,5,0
7167,0.625,5,1
7173,0.4062,5,0
7174,0.45,5,0
7177,0.2963,4,0
7178,0.6066,5,1
7183,0.2,5,0
7185,0.3636,5,0
7188,0.4167,5,0
7190,0.3333,5,0
7191,0.4222,5,0
7192,0.4853,5,0
7195,0.3333,5,0
7196,0.2885,5,0
7197,0.4032,5,0
7198,0.5116,5,0
7202,0.5,5,0
7203,0.4167,4,0
7209,0.2917,5,0
7210,0.3333,5,0
7211,0.6042,5,0
7220,0.5,5,0
7221,0.4792,5,0
7224,0.375,5,0
7225,0.5179,5,0
7226,0.4286,5,0
7228,0.4643,6,0
7230,0.5455,5,0
7232,0.2708,5,0
7234,0.3871,5,0
7235,0.2,5,0
7237,0.2273,5,0
7243,0.375,5,0
7244,0.4889,5,0
7245,0.4167,4,0
7247,0.4167,5,0
7248,0.3333,5,0
7250,0.5185,5,0
7254,0.25,5,0
7255,0.3333,5,0
7256,0.3333,5,0
7257,0.2,5,0
7258,0.2,5,0
7270,0.2083,5,0
7272,0.4,5,0
7273,0.1,4,0
7274,0.5909,4,0
7285,0.8095,3,2
7287,0.5,5,0
7289,0.4138,5,0
7292,0.5,5,0
7309,0.3636,5,0
7311,0.5556,5,0
7312,0.5238,5,0
7314,0.25,5,0
7315,0.4683,5,1
7318,0.25,4,0
7319,0.4286,4,0
7323,0.5,5,0
7327,0.4091,4,0
7332,0.3929,2,0
7403,0.5,4,0
7406,0.3636,4,0
7407,0.8077,4,1
7413,0.381,4,0
7414,0.5111,4,1
7415,0.45,4,0
7417,0.6379,3,0
7418,0.2917,4,0
7419,0.5263,4,1
7421,0.7778,4,1
7422,0.2,3,0
7423,0.3,4,0
7424,0.4167,4,0
7425,0.5,4,0
7426,0.5172,4,0
7428,0.1818,4,0
7429,0.6023,5,2
7430,0.2917,4,0
7431,0.3913,4,0
7433,0.5882,5,0
7436,0.6154,4,0
7439,0.375,5,0
7442,0.4583,4,0
7443,0.381,4,0
7444,0.4286,4,0
7446,0.4,4,0
7447,0.5769,4,0
7451,0.3707,4,2
7454,0.375,4,0
7457,0.8561,4,2
7458,0.3077,5,0
7460,0.5769,4,0
7461,0.7143,4,0
7462,0.25,4,0
7464,0.2,4,0
7465,0.125,4,0
7466,0.25,5,1
7470,0.3958,4,0
7471,0.2222,3,0
7472,0.4286,4,0
7473,0.2,4,0
7477,0.375,4,0
7479,0.25,4,0
7480,0.6905,4,1
7483,0.1538,4,0
7485,0.4231,4,0
7491,0.5862,4,0
7492,0.6087,4,0
7496,0.5,4,0
7497,0.7667,4,0
7500,0.6,4,0
7501,0.5536,4,0
7503,0.3103,4,0
7504,0.4,4,0
7506,0.4048,4,0
7515,0.5,4,0
7516,0.3636,4,0
7520,0.3667,4,0
7521,0.4545,3,0
7525,0.3846,4,0
7526,0.4167,4,0
7527,0.7037,4,1
7528,0.3939,4,0
7530,0.4545,4,0
7531,0.3846,4,0
7534,0.4333,4,0
7535,0.4,4,0
7536,0.6875,4,0
7538,0.2576,4,0
7539,0.4483,4,0
7540,0.4107,4,0
7541,0.6964,3,1
7544,0.6071,4,0
7548,0.25,4,0
7549,0.125,3,0
7551,0.3846,4,0
7553,0.4286,4,0
7560,0.5,4,0
7561,0.4667,5,0
7563,0.6667,4,0
7565,0.5,4,0
7566,0.2917,4,0
7567,0.5,4,0
7569,0.4375,5,0
7570,0.5938,3,0
7575,0.4444,5,0
7576,0.5,5,0
7577,0.6923,4,0
7578,0.3333,4,0
7583,0.6471,4,0
7587,0.4333,4,0
7589,0.3,4,0
7597,0.2708,4,0
7598,0.4583,4,0
7600,0.6,3,0
7602,0.5714,4,0
7605,0.56,4,0
7607,0.25,4,0
7611,0.4444,5,0
7616,0.5392,4,1
7617,0.4922,4,1
7619,0.56,4,0
7621,0.5,4,0
7623,0.6923,4,1
7627,0.3846,3,0
7632,0.7059,4,0
7634,0.4444,4,0
7636,0.5938,4,0
7645,0.4667,4,0
7652,0.5,4,0
7653,0.5,4,0
7654,0.35,4,0
7656,0.3929,4,0
7657,0.3103,4,0
7658,0.4286,4,0
7659,0.35,5,0
7660,0.5,4,0
7661,0.2727,4,0
7662,0.2857,3,0
7667,0.3636,3,0
7668,0.4,4,0
7669,0.5,4,0
7671,0.4038,4,0
7672,0.75,4,0
7673,0.4,4,0
7674,0.3837,4,0
7676,0.3333,4,0
7677,0.6,4,0
7682,0.5,5,0
7683,0.375,5,0
7686,0.4167,4,0
7687,0.5455,4,0
7691,0.3333,4,0
7692,0.4167,4,0
7694,0.4583,4,0
7700,0.4167,4,0
7703,0.6667,4,1
7709,0.5769,4,0
7713,0.4286,4,0
7715,0.3929,5,0
7716,0.3542,4,0
7717,0.5,4,0
7718,0.35,5,0
7719,0.375,4,0
7724,0.375,4,0
7725,0.5,4,0
7729,0.5,3,0
7730,0.4,4,0
7737,0.2308,4,0
7741,0.3636,4,0
7742,0.2222,4,0
7744,0.4167,4,0
7747,0.2917,3,0
7748,0.5,4,0
7750,0.4643,4,0
7755,0.4167,4,0
7757,0.4853,4,0
7758,0.5,3,0
7759,0.3,4,0
7760,0.3333,3,0
7762,0.4483,4,0
7768,0.4242,4,1
7769,0.5806,4,1
7770,0.5676,4,0
7772,0.4167,4,0
7777,0.381,4,0
7782,0.5122,4,0
7784,0.4167,3,0
7787,0.625,4,0
7790,0.4286,4,0
7791,0.25,4,0
7794,0.2708,4,0
7796,0.3571,4,0
7797,0.4444,4,0
7810,0.4167,3,0
7811,0.4167,4,0
7814,0.4038,3,0
7818,0.4583,4,0
7822,0.4792,3,0
7823,0.4583,4,0
7826,0.2708,4,0
7833,0.4167,3,0
7834,0.1667,3,0
7840,0.4615,4,0
7845,0.5741,4,0
7848,0.525,4,1
7849,0.2,3,0
7850,0.2,4,0
7855,0.375,4,0
7856,0.2708,4,0
7858,0.45,4,0
7865,0.4038,4,0
7869,0.3929,4,0
7877,0.375,4,0
7885,0.3333,3,0
7886,0.25,3,0
7890,0.6146,4,0
7893,0.2222,3,0
7895,0.3542,4,0
7898,0.1667,3,0
7900,0.1667,4,0
7902,0.5417,3,1
7903,0.4167,3,0
7905,0.1818,4,0
7906,0.3846,4,0
7907,0.45,4,0
7910,0.4375,4,0
7911,0.36,3,0
7913,0.375,4,0
7915,0.5357,4,0
8005,0.5455,3,0
8006,0.5946,3,1
8012,0.4583,3,0
8013,0.5,3,0
8016,0.4167,3,0
8019,0.587,3,0
8020,0.6351,3,0
8021,0.5385,3,0
8022,0.5217,3,1
8023,0.3929,3,1
8024,0.5429,3,0
8027,0.2727,3,0
8029,0.4762,2,0
8030,0.1667,2,0
8032,0.5,3,0
8033,0.6071,3,0
8034,0.4333,3,0
8037,0.3684,3,0
8041,0.4464,3,0
8042,0.375,3,0
8044,0.6061,4,0
8045,0.4167,3,0
8046,0.5122,3,0
8048,0.3409,4,0
8051,0.6167,2,1
8054,0.5185,3,1
8055,0.4773,4,0
8056,0.4444,3,0
8057,0.5556,3,0
8058,0.7143,3,1
8060,0.2727,3,0
8064,0.5,3,0
8067,0.6154,3,1
8069,0.4286,3,0
8070,0.4,3,0
8071,0.4231,3,0
8075,0.3333,3,0
8077,0.3929,3,0
8079,0.44,3,0
8080,0.5204,3,0
8082,0.4211,2,0
8083,0.4268,2,0
8084,0.5714,3,0
8085,0.5,3,0
8086,0.1667,3,0
8087,0.4583,3,0
8088,0.4535,3,0
8089,0.4359,2,1
8090,0.3077,3,0
8091,0.5455,3,0
8092,0.5,3,0
8096,0.3043,3,0
8100,0.4333,3,0
8103,0.4583,3,0
8105,0.7143,3,0
8112,0.3333,3,0
8114,0.4884,3,0
8115,0.5,3,0
8116,0.3778,3,0
8117,0.4423,3,0
8118,0.4286,3,0
8119,0.2727,2,0
8121,0.2917,3,0
8122,0.5814,3,2
8124,0.2917,3,0
8126,0.3793,3,0
8129,0.2,2,0
8130,0.4375,3,0
8132,0.6154,2,1
8137,0.3636,3,0
8139,0.4,3,0
8140,0.2222,2,0
8144,0.4286,3,1
8145,0.2,2,0
8146,0.6,3,0
8149,0.3125,2,0
8150,0.4483,3,0
8151,0.25,3,0
8152,0.3636,3,0
8153,0.35,3,1
8158,0.5714,3,0
8159,0.4125,3,0
8166,0.4615,2,0
8167,0.4167,3,0
8169,0.5385,3,0
8174,0.4615,2,0
8175,0.5111,2,0
8176,0.2,3,0
8177,0.75,3,2
8179,0.4423,3,0
8188,0.5,3,0
8193,0.3958,3,0
8197,0.375,3,0
8205,0.3529,3,0
8209,0.5,3,0
8210,0.4615,3,0
8217,0.2857,3,0
8220,0.75,3,0
8222,0.5556,2,0
8223,0.439,3,0
8224,0.3333,2,0
8230,0.3889,2,0
8232,0.4318,3,0
8234,0.2,3,0
8240,0.5,3,0
8243,0.5556,2,0
8244,0.2,3,0
8248,0.3571,3,0
8250,0.6,3,0
8255,0.6,3,0
8256,0.4,3,0
8261,0.5,3,0
8262,0.3966,3,0
8263,0.6667,3,0
8264,0.3846,3,0
8266,0.2,3,0
8267,0.4615,3,0
8270,0.25,3,0
8274,0.3077,2,0
8280,0.4833,3,0
8283,0.3077,3,0
8285,0.4615,3,0
8286,0.375,3,0
8290,0.5,3,0
8291,0.5,3,0
8293,0.4,3,0
8297,0.2917,3,0
8298,0.3,3,0
8300,0.2292,3,0
8302,0.4231,2,0
8303,0.4571,2,0
8304,0.4375,3,0
8306,0.3333,2,0
8307,0.1429,2,0
8310,0.1875,3,0
8312,0.2857,2,0
8314,0.4375,3,0
8324,0.5,3,0
8325,0.3438,3,0
8326,0.5714,3,0
8331,0.3333,3,0
8332,0.8235,3,1
8334,0.3846,3,0
8338,0.2857,2,0
8346,0.4,2,0
8352,0.5581,3,0
8361,0.2292,3,0
8362,0.2708,3,0
8364,0.2917,3,0
8368,0.4889,3,0
8369,0.2292,3,0
8370,0.4762,3,0
8372,0.3333,3,0
8373,0.5862,3,0
8374,0.3125,3,0
8382,0.4038,3,0
8385,0.375,3,0
8386,0.4167,3,0
8387,0.6,3,0
8392,0.2692,2,0
8397,0.2917,3,0
8404,0.5,3,0
8405,0.3333,3,0
8407,0.375,2,0
8408,0.3333,3,0
8410,0.2308,3,0
8413,0.6,2,0
8418,0.4167,2,0
8422,0.6,3,0
8423,0.3793,3,0
8424,0.4643,3,0
8425,0.5581,3,0
8426,0.4286,3,0
8427,0.3542,3,0
8429,0.3793,1,0
8500,0.5833,2,0
8503,0.2692,2,0
8507,0.4,2,0
8512,0.5278,2,1
8513,0.5833,2,1
8514,0.4,2,0
8515,0.4286,2,0
8516,0.5185,2,1
8517,0.5349,2,0
8519,0.5,2,0
8521,0.5,2,0
8528,0.4875,2,0
8531,0.5676,2,0
8532,0.4022,2,2
8533,0.1818,2,0
8537,0.5143,2,0
8544,0.4643,2,0
8546,0.5357,2,1
8550,0.2857,2,0
8551,0.5714,2,0
8555,0.5385,2,0
8556,0.5,2,0
8557,0.3846,2,0
8558,0.3,2,0
8561,0.8667,2,1
8564,0.4211,2,0
8567,0.1667,2,0
8569,0.3,2,0
8573,0.4057,2,0
8574,0.4314,2,0
8575,0.5556,2,0
8576,0.5455,2,1
8577,0.2917,2,0
8580,0.2308,2,0
8584,0.625,2,0
8585,0.5,2,0
8586,0.3,2,0
8588,0.4167,2,0
8590,0.3833,2,0
8591,0.5,2,0
8592,0.3611,2,0
8595,0.4,2,0
8597,0.3,2,0
8598,0.4583,2,0
8599,0.5357,2,1
8604,0.375,2,0
8608,0.4444,2,0
8610,0.4222,2,0
8611,0.3462,2,0
8612,0.4,2,0
8615,0.5,2,0
8622,0.3429,2,0
8623,0.4167,2,0
8625,0.3125,2,0
8626,0.375,2,0
8628,0.3958,2,0
8630,0.2083,2,0
8634,0.4524,2,0
8636,0.25,2,0
8700,0.4038,1,0
8701,0.5,1,0
8703,0.3,1,0
8706,0.1667,1,0
8707,0.3542,1,0
8708,0.3152,1,0
8709,0.4189,1,0
8710,0.4167,1,0
8711,0.4211,1,1
8713,0.3333,1,0
8714,0.3125,1,0
8717,0.3462,1,1
8718,0.2222,1,0
8719,0.3333,1,0
8720,0.3,1,0
8723,0.7,1,0
8724,0.5455,1,0
8725,0.45,1,0
8726